image_path,image_name,object_id,score,label,class_id,x1,y1,x2,y2,padding_ratio,bbox_area,mask_area,mask_tightness,bbox_crop_purity,bbox_visual_background_ratio,mask_crop_purity_white_bg,mask_crop_visual_background_ratio_white_bg,removed_background_pixels,removed_visual_background_ratio,example_bbox_crop_path,example_mask_crop_path,example_panel_path
data/yolo_cache/d2s_small_seg/images/test/D2S_000804.jpg,D2S_000804.jpg,1,0.8632748126983643,cocoba_cocoa,19,481,605,1132,1288,0.05,444633,179413,0.40350806,0.40350806,0.59649194,1.0,0.0,265220,0.59649194,results/article_segmentation/crop_comparison/examples/D2S_000804_obj_0001_bbox.jpg,results/article_segmentation/crop_comparison/examples/D2S_000804_obj_0001_mask_white_bg.jpg,results/article_segmentation/crop_comparison/examples/D2S_000804_obj_0001_bbox_vs_mask.jpg
data/yolo_cache/d2s_small_seg/images/test/D2S_000804.jpg,D2S_000804.jpg,2,0.8317371606826782,cocoba_cocoa,19,1151,270,1570,960,0.05,289110,187531,0.6486493,0.6486493,0.3513507,1.0,0.0,101579,0.3513507,results/article_segmentation/crop_comparison/examples/D2S_000804_obj_0002_bbox.jpg,results/article_segmentation/crop_comparison/examples/D2S_000804_obj_0002_mask_white_bg.jpg,results/article_segmentation/crop_comparison/examples/D2S_000804_obj_0002_bbox_vs_mask.jpg
data/yolo_cache/d2s_small_seg/images/test/D2S_000804.jpg,D2S_000804.jpg,3,0.645983874797821,gepa_bio_und_fair_rooibostee,49,1149,272,1570,954,0.05,287122,187870,0.65432116,0.65432116,0.34567884,1.0,0.0,99252,0.34567884,results/article_segmentation/crop_comparison/examples/D2S_000804_obj_0003_bbox.jpg,results/article_segmentation/crop_comparison/examples/D2S_000804_obj_0003_mask_white_bg.jpg,results/article_segmentation/crop_comparison/examples/D2S_000804_obj_0003_bbox_vs_mask.jpg
data/yolo_cache/d2s_small_seg/images/test/D2S_000804.jpg,D2S_000804.jpg,4,0.5784321427345276,cocoba_cocoa,19,208,21,934,656,0.05,461010,189073,0.41012776,0.41012776,0.58987224,1.0,0.0,271937,0.58987224,results/article_segmentation/crop_comparison/examples/D2S_000804_obj_0004_bbox.jpg,results/article_segmentation/crop_comparison/examples/D2S_000804_obj_0004_mask_white_bg.jpg,results/article_segmentation/crop_comparison/examples/D2S_000804_obj_0004_bbox_vs_mask.jpg
data/yolo_cache/d2s_small_seg/images/test/D2S_000804.jpg,D2S_000804.jpg,5,0.49852752685546875,gepa_bio_und_fair_pfefferminztee,48,1149,273,1571,955,0.05,287804,187630,0.65193673,0.65193673,0.34806327,1.0,0.0,100174,0.34806327,results/article_segmentation/crop_comparison/examples/D2S_000804_obj_0005_bbox.jpg,results/article_segmentation/crop_comparison/examples/D2S_000804_obj_0005_mask_white_bg.jpg,results/article_segmentation/crop_comparison/examples/D2S_000804_obj_0005_bbox_vs_mask.jpg
data/yolo_cache/d2s_small_seg/images/test/D2S_003310.jpg,D2S_003310.jpg,1,0.8045833706855774,ethiquable_gruener_tee_ceylon,44,666,0,968,434,0.05,131068,105631,0.80592517,0.80592517,0.19407483,1.0,0.0,25437,0.19407483,results/article_segmentation/crop_comparison/examples/D2S_003310_obj_0001_bbox.jpg,results/article_segmentation/crop_comparison/examples/D2S_003310_obj_0001_mask_white_bg.jpg,results/article_segmentation/crop_comparison/examples/D2S_003310_obj_0001_bbox_vs_mask.jpg
data/yolo_cache/d2s_small_seg/images/test/D2S_003310.jpg,D2S_003310.jpg,2,0.7476596236228943,dr_oetker_vitalis_knuspermuesli_klassisch,15,636,0,1466,535,0.05,444050,298894,0.67310888,0.67310888,0.32689112,1.0,0.0,145156,0.32689112,results/article_segmentation/crop_comparison/examples/D2S_003310_obj_0002_bbox.jpg,results/article_segmentation/crop_comparison/examples/D2S_003310_obj_0002_mask_white_bg.jpg,results/article_segmentation/crop_comparison/examples/D2S_003310_obj_0002_bbox_vs_mask.jpg
data/yolo_cache/d2s_small_seg/images/test/D2S_003310.jpg,D2S_003310.jpg,3,0.4399813711643219,ethiquable_gruener_tee_ceylon,44,888,0,1214,488,0.05,159088,122710,0.7713341,0.7713341,0.2286659,1.0,0.0,36378,0.2286659,results/article_segmentation/crop_comparison/examples/D2S_003310_obj_0003_bbox.jpg,results/article_segmentation/crop_comparison/examples/D2S_003310_obj_0003_mask_white_bg.jpg,results/article_segmentation/crop_comparison/examples/D2S_003310_obj_0003_bbox_vs_mask.jpg
data/yolo_cache/d2s_small_seg/images/test/D2S_003310.jpg,D2S_003310.jpg,4,0.2914785146713257,ethiquable_gruener_tee_ceylon,44,1120,12,1433,527,0.05,161195,103531,0.64227178,0.64227178,0.35772822,1.0,0.0,57664,0.35772822,results/article_segmentation/crop_comparison/examples/D2S_003310_obj_0004_bbox.jpg,results/article_segmentation/crop_comparison/examples/D2S_003310_obj_0004_mask_white_bg.jpg,results/article_segmentation/crop_comparison/examples/D2S_003310_obj_0004_bbox_vs_mask.jpg
data/yolo_cache/d2s_small_seg/images/test/D2S_003310.jpg,D2S_003310.jpg,5,0.28341206908226013,gepa_bio_und_fair_pfefferminztee,48,662,0,970,454,0.05,139832,99080,0.70856456,0.70856456,0.29143544,1.0,0.0,40752,0.29143544,results/article_segmentation/crop_comparison/examples/D2S_003310_obj_0005_bbox.jpg,results/article_segmentation/crop_comparison/examples/D2S_003310_obj_0005_mask_white_bg.jpg,results/article_segmentation/crop_comparison/examples/D2S_003310_obj_0005_bbox_vs_mask.jpg
data/yolo_cache/d2s_small_seg/images/test/D2S_003529.jpg,D2S_003529.jpg,1,0.8398339152336121,kilimanjaro_tea_earl_grey,50,1237,475,1526,982,0.05,146523,114796,0.78346744,0.78346744,0.21653256,1.0,0.0,31727,0.21653256,results/article_segmentation/crop_comparison/examples/D2S_003529_obj_0001_bbox.jpg,results/article_segmentation/crop_comparison/examples/D2S_003529_obj_0001_mask_white_bg.jpg,results/article_segmentation/crop_comparison/examples/D2S_003529_obj_0001_bbox_vs_mask.jpg
data/yolo_cache/d2s_small_seg/images/test/D2S_004511.jpg,D2S_004511.jpg,1,0.4494180977344513,gepa_bio_und_fair_kraeuterteemischung,47,713,179,1204,579,0.05,196400,109072,0.55535642,0.55535642,0.44464358,1.0,0.0,87328,0.44464358,results/article_segmentation/crop_comparison/examples/D2S_004511_obj_0001_bbox.jpg,results/article_segmentation/crop_comparison/examples/D2S_004511_obj_0001_mask_white_bg.jpg,results/article_segmentation/crop_comparison/examples/D2S_004511_obj_0001_bbox_vs_mask.jpg
data/yolo_cache/d2s_small_seg/images/test/D2S_004511.jpg,D2S_004511.jpg,2,0.27336737513542175,gepa_bio_und_fair_fencheltee,45,712,184,1202,576,0.05,192080,109171,0.56836214,0.56836214,0.43163786,1.0,0.0,82909,0.43163786,results/article_segmentation/crop_comparison/examples/D2S_004511_obj_0002_bbox.jpg,results/article_segmentation/crop_comparison/examples/D2S_004511_obj_0002_mask_white_bg.jpg,results/article_segmentation/crop_comparison/examples/D2S_004511_obj_0002_bbox_vs_mask.jpg
data/yolo_cache/d2s_small_seg/images/test/D2S_004809.jpg,D2S_004809.jpg,1,0.8793556690216064,gepa_bio_und_fair_pfefferminztee,48,501,0,1087,499,0.05,292414,135274,0.46261123,0.46261123,0.53738877,1.0,0.0,157140,0.53738877,results/article_segmentation/crop_comparison/examples/D2S_004809_obj_0001_bbox.jpg,results/article_segmentation/crop_comparison/examples/D2S_004809_obj_0001_mask_white_bg.jpg,results/article_segmentation/crop_comparison/examples/D2S_004809_obj_0001_bbox_vs_mask.jpg
data/yolo_cache/d2s_small_seg/images/test/D2S_004809.jpg,D2S_004809.jpg,2,0.6299900412559509,gepa_bio_und_fair_kamillentee,46,499,0,1085,496,0.05,290656,135670,0.46677172,0.46677172,0.53322828,1.0,0.0,154986,0.53322828,results/article_segmentation/crop_comparison/examples/D2S_004809_obj_0002_bbox.jpg,results/article_segmentation/crop_comparison/examples/D2S_004809_obj_0002_mask_white_bg.jpg,results/article_segmentation/crop_comparison/examples/D2S_004809_obj_0002_bbox_vs_mask.jpg
data/yolo_cache/d2s_small_seg/images/test/D2S_004809.jpg,D2S_004809.jpg,3,0.5208150148391724,ethiquable_gruener_tee_ceylon,44,338,124,792,603,0.05,217466,90874,0.41787682,0.41787682,0.58212318,1.0,0.0,126592,0.58212318,results/article_segmentation/crop_comparison/examples/D2S_004809_obj_0003_bbox.jpg,results/article_segmentation/crop_comparison/examples/D2S_004809_obj_0003_mask_white_bg.jpg,results/article_segmentation/crop_comparison/examples/D2S_004809_obj_0003_bbox_vs_mask.jpg
data/yolo_cache/d2s_small_seg/images/test/D2S_004809.jpg,D2S_004809.jpg,4,0.42323869466781616,koelln_muesli_fruechte,16,939,27,1419,442,0.05,199200,100648,0.50526104,0.50526104,0.49473896,1.0,0.0,98552,0.49473896,results/article_segmentation/crop_comparison/examples/D2S_004809_obj_0004_bbox.jpg,results/article_segmentation/crop_comparison/examples/D2S_004809_obj_0004_mask_white_bg.jpg,results/article_segmentation/crop_comparison/examples/D2S_004809_obj_0004_bbox_vs_mask.jpg
data/yolo_cache/d2s_small_seg/images/test/D2S_004809.jpg,D2S_004809.jpg,5,0.27011606097221375,gepa_bio_und_fair_fencheltee,45,939,29,1419,440,0.05,197280,101008,0.51200324,0.51200324,0.48799676,1.0,0.0,96272,0.48799676,results/article_segmentation/crop_comparison/examples/D2S_004809_obj_0005_bbox.jpg,results/article_segmentation/crop_comparison/examples/D2S_004809_obj_0005_mask_white_bg.jpg,results/article_segmentation/crop_comparison/examples/D2S_004809_obj_0005_bbox_vs_mask.jpg
data/yolo_cache/d2s_small_seg/images/test/D2S_006622.jpg,D2S_006622.jpg,1,0.9719537496566772,tegernseer_hell_03,10,424,696,754,990,0.05,97020,63622,0.6557617,0.6557617,0.3442383,1.0,0.0,33398,0.3442383,results/article_segmentation/crop_comparison/examples/D2S_006622_obj_0001_bbox.jpg,results/article_segmentation/crop_comparison/examples/D2S_006622_obj_0001_mask_white_bg.jpg,results/article_segmentation/crop_comparison/examples/D2S_006622_obj_0001_bbox_vs_mask.jpg
data/yolo_cache/d2s_small_seg/images/test/D2S_006622.jpg,D2S_006622.jpg,2,0.9633597135543823,augustiner_lagerbraeu_hell_05,5,371,916,725,1261,0.05,122130,68464,0.56058299,0.56058299,0.43941701,1.0,0.0,53666,0.43941701,results/article_segmentation/crop_comparison/examples/D2S_006622_obj_0002_bbox.jpg,results/article_segmentation/crop_comparison/examples/D2S_006622_obj_0002_mask_white_bg.jpg,results/article_segmentation/crop_comparison/examples/D2S_006622_obj_0002_bbox_vs_mask.jpg
data/yolo_cache/d2s_small_seg/images/test/D2S_006622.jpg,D2S_006622.jpg,3,0.8340281248092651,adelholzener_gourmet_mineralwasser_02,4,987,737,1285,1034,0.05,88506,60875,0.68780648,0.68780648,0.31219352,1.0,0.0,27631,0.31219352,results/article_segmentation/crop_comparison/examples/D2S_006622_obj_0003_bbox.jpg,results/article_segmentation/crop_comparison/examples/D2S_006622_obj_0003_mask_white_bg.jpg,results/article_segmentation/crop_comparison/examples/D2S_006622_obj_0003_bbox_vs_mask.jpg
data/yolo_cache/d2s_small_seg/images/test/D2S_006622.jpg,D2S_006622.jpg,4,0.8205225467681885,tegernseer_hell_03,10,385,312,701,603,0.05,91956,64866,0.70540258,0.70540258,0.29459742,1.0,0.0,27090,0.29459742,results/article_segmentation/crop_comparison/examples/D2S_006622_obj_0004_bbox.jpg,results/article_segmentation/crop_comparison/examples/D2S_006622_obj_0004_mask_white_bg.jpg,results/article_segmentation/crop_comparison/examples/D2S_006622_obj_0004_bbox_vs_mask.jpg
data/yolo_cache/d2s_small_seg/images/test/D2S_006622.jpg,D2S_006622.jpg,5,0.781848132610321,adelholzener_gourmet_mineralwasser_02,4,387,316,723,605,0.05,97104,66049,0.68018825,0.68018825,0.31981175,1.0,0.0,31055,0.31981175,results/article_segmentation/crop_comparison/examples/D2S_006622_obj_0005_bbox.jpg,results/article_segmentation/crop_comparison/examples/D2S_006622_obj_0005_mask_white_bg.jpg,results/article_segmentation/crop_comparison/examples/D2S_006622_obj_0005_bbox_vs_mask.jpg
data/yolo_cache/d2s_small_seg/images/test/D2S_006622.jpg,D2S_006622.jpg,6,0.7659287452697754,augustiner_lagerbraeu_hell_05,5,439,689,770,991,0.05,99962,64564,0.64588544,0.64588544,0.35411456,1.0,0.0,35398,0.35411456,results/article_segmentation/crop_comparison/examples/D2S_006622_obj_0006_bbox.jpg,results/article_segmentation/crop_comparison/examples/D2S_006622_obj_0006_mask_white_bg.jpg,results/article_segmentation/crop_comparison/examples/D2S_006622_obj_0006_bbox_vs_mask.jpg
data/yolo_cache/d2s_small_seg/images/test/D2S_006622.jpg,D2S_006622.jpg,7,0.445326030254364,tegernseer_hell_03,10,990,731,1281,1033,0.05,87882,60775,0.69155231,0.69155231,0.30844769,1.0,0.0,27107,0.30844769,results/article_segmentation/crop_comparison/examples/D2S_006622_obj_0007_bbox.jpg,results/article_segmentation/crop_comparison/examples/D2S_006622_obj_0007_mask_white_bg.jpg,results/article_segmentation/crop_comparison/examples/D2S_006622_obj_0007_bbox_vs_mask.jpg
data/yolo_cache/d2s_small_seg/images/test/D2S_006622.jpg,D2S_006622.jpg,8,0.27528494596481323,augustiner_lagerbraeu_hell_05,5,385,314,735,611,0.05,103950,66388,0.6386532,0.6386532,0.3613468,1.0,0.0,37562,0.3613468,results/article_segmentation/crop_comparison/examples/D2S_006622_obj_0008_bbox.jpg,results/article_segmentation/crop_comparison/examples/D2S_006622_obj_0008_mask_white_bg.jpg,results/article_segmentation/crop_comparison/examples/D2S_006622_obj_0008_bbox_vs_mask.jpg
data/yolo_cache/d2s_small_seg/images/test/D2S_007621.jpg,D2S_007621.jpg,1,0.7939238548278809,augustiner_lagerbraeu_hell_05,5,1155,377,1629,666,0.05,136986,83470,0.60933234,0.60933234,0.39066766,1.0,0.0,53516,0.39066766,results/article_segmentation/crop_comparison/examples/D2S_007621_obj_0001_bbox.jpg,results/article_segmentation/crop_comparison/examples/D2S_007621_obj_0001_mask_white_bg.jpg,results/article_segmentation/crop_comparison/examples/D2S_007621_obj_0001_bbox_vs_mask.jpg
data/yolo_cache/d2s_small_seg/images/test/D2S_007621.jpg,D2S_007621.jpg,2,0.5067971348762512,adelholzener_alpenquelle_naturell_075,1,514,722,855,1064,0.05,116622,69859,0.59902077,0.59902077,0.40097923,1.0,0.0,46763,0.40097923,results/article_segmentation/crop_comparison/examples/D2S_007621_obj_0002_bbox.jpg,results/article_segmentation/crop_comparison/examples/D2S_007621_obj_0002_mask_white_bg.jpg,results/article_segmentation/crop_comparison/examples/D2S_007621_obj_0002_bbox_vs_mask.jpg
data/yolo_cache/d2s_small_seg/images/test/D2S_008815.jpg,D2S_008815.jpg,1,0.6328480243682861,orange_single,36,721,584,882,744,0.05,25760,18231,0.70772516,0.70772516,0.29227484,1.0,0.0,7529,0.29227484,results/article_segmentation/crop_comparison/examples/D2S_008815_obj_0001_bbox.jpg,results/article_segmentation/crop_comparison/examples/D2S_008815_obj_0001_mask_white_bg.jpg,results/article_segmentation/crop_comparison/examples/D2S_008815_obj_0001_bbox_vs_mask.jpg
data/yolo_cache/d2s_small_seg/images/test/D2S_008815.jpg,D2S_008815.jpg,2,0.5346445441246033,orange_single,36,1083,727,1232,885,0.05,23542,16491,0.70049274,0.70049274,0.29950726,1.0,0.0,7051,0.29950726,results/article_segmentation/crop_comparison/examples/D2S_008815_obj_0002_bbox.jpg,results/article_segmentation/crop_comparison/examples/D2S_008815_obj_0002_mask_white_bg.jpg,results/article_segmentation/crop_comparison/examples/D2S_008815_obj_0002_bbox_vs_mask.jpg
data/yolo_cache/d2s_small_seg/images/test/D2S_008815.jpg,D2S_008815.jpg,3,0.2860541343688965,clementine_single,32,1082,728,1231,886,0.05,23542,16462,0.6992609,0.6992609,0.3007391,1.0,0.0,7080,0.3007391,,,
data/yolo_cache/d2s_small_seg/images/test/D2S_009306.jpg,D2S_009306.jpg,1,0.7492278814315796,banana_single,30,686,372,1052,1054,0.05,249612,69142,0.2769979,0.2769979,0.7230021,1.0,0.0,180470,0.7230021,,,
data/yolo_cache/d2s_small_seg/images/test/D2S_009306.jpg,D2S_009306.jpg,2,0.348408579826355,banana_bundle,29,688,370,1049,1054,0.05,246924,69745,0.28245533,0.28245533,0.71754467,1.0,0.0,177179,0.71754467,,,
data/yolo_cache/d2s_small_seg/images/test/D2S_009325.jpg,D2S_009325.jpg,1,0.8101796507835388,banana_single,30,672,444,1052,1032,0.05,223440,66784,0.29889008,0.29889008,0.70110992,1.0,0.0,156656,0.70110992,,,
data/yolo_cache/d2s_small_seg/images/test/D2S_009423.jpg,D2S_009423.jpg,1,0.9872831106185913,banana_bundle,29,567,168,1196,827,0.05,414511,162895,0.39298113,0.39298113,0.60701887,1.0,0.0,251616,0.60701887,,,
data/yolo_cache/d2s_small_seg/images/test/D2S_009423.jpg,D2S_009423.jpg,2,0.5793671607971191,banana_single,30,525,907,1131,1179,0.05,164832,57376,0.34808775,0.34808775,0.65191225,1.0,0.0,107456,0.65191225,,,
data/yolo_cache/d2s_small_seg/images/test/D2S_009423.jpg,D2S_009423.jpg,3,0.5643188953399658,banana_single,30,470,843,1103,1173,0.05,208890,67564,0.32344296,0.32344296,0.67655704,1.0,0.0,141326,0.67655704,,,
data/yolo_cache/d2s_small_seg/images/test/D2S_011025.jpg,D2S_011025.jpg,1,0.6297817230224609,adelholzener_gourmet_mineralwasser_02,4,708,364,923,602,0.05,51170,33044,0.64576901,0.64576901,0.35423099,1.0,0.0,18126,0.35423099,,,
data/yolo_cache/d2s_small_seg/images/test/D2S_011025.jpg,D2S_011025.jpg,2,0.6093977093696594,adelholzener_gourmet_mineralwasser_02,4,980,814,1208,1105,0.05,66348,38698,0.58325797,0.58325797,0.41674203,1.0,0.0,27650,0.41674203,,,
data/yolo_cache/d2s_small_seg/images/test/D2S_011025.jpg,D2S_011025.jpg,3,0.32224327325820923,adelholzener_classic_naturell_02,3,712,371,920,602,0.05,48048,32177,0.66968448,0.66968448,0.33031552,1.0,0.0,15871,0.33031552,,,
data/yolo_cache/d2s_small_seg/images/test/D2S_011827.jpg,D2S_011827.jpg,1,0.9861021041870117,adelholzener_gourmet_mineralwasser_02,4,1037,374,1291,604,0.05,58420,38143,0.65290996,0.65290996,0.34709004,1.0,0.0,20277,0.34709004,,,
data/yolo_cache/d2s_small_seg/images/test/D2S_011827.jpg,D2S_011827.jpg,2,0.9536786675453186,adelholzener_gourmet_mineralwasser_02,4,880,770,1091,1055,0.05,60135,36700,0.61029351,0.61029351,0.38970649,1.0,0.0,23435,0.38970649,,,
data/yolo_cache/d2s_small_seg/images/test/D2S_011827.jpg,D2S_011827.jpg,3,0.31669774651527405,adelholzener_classic_naturell_02,3,1036,376,1288,605,0.05,57708,37780,0.65467526,0.65467526,0.34532474,1.0,0.0,19928,0.34532474,,,
data/yolo_cache/d2s_small_seg/images/test/D2S_013101.jpg,D2S_013101.jpg,1,0.9955869913101196,apple_red_boskoop,27,680,405,932,668,0.05,66276,45493,0.68641741,0.68641741,0.31358259,1.0,0.0,20783,0.31358259,,,
data/yolo_cache/d2s_small_seg/images/test/D2S_013101.jpg,D2S_013101.jpg,2,0.9948587417602539,apple_red_boskoop,27,889,777,1150,1056,0.05,72819,50782,0.69737294,0.69737294,0.30262706,1.0,0.0,22037,0.30262706,,,
data/yolo_cache/d2s_small_seg/images/test/D2S_013101.jpg,D2S_013101.jpg,3,0.9875646233558655,apple_red_boskoop,27,663,641,941,949,0.05,85624,57304,0.66925161,0.66925161,0.33074839,1.0,0.0,28320,0.33074839,,,
data/yolo_cache/d2s_small_seg/images/test/D2S_013101.jpg,D2S_013101.jpg,4,0.9319684505462646,apple_red_boskoop,27,867,545,1114,803,0.05,63726,42274,0.66337131,0.66337131,0.33662869,1.0,0.0,21452,0.33662869,,,
data/yolo_cache/d2s_small_seg/images/test/D2S_014203.jpg,D2S_014203.jpg,1,0.994746744632721,vine_tomatoes,55,295,490,1403,1208,0.05,795544,384352,0.48313104,0.48313104,0.51686896,1.0,0.0,411192,0.51686896,,,
data/yolo_cache/d2s_small_seg/images/test/D2S_014616.jpg,D2S_014616.jpg,1,0.8079719543457031,roma_vine_tomatoes,56,659,64,1426,1212,0.05,880516,411910,0.46780524,0.46780524,0.53219476,1.0,0.0,468606,0.53219476,,,
data/yolo_cache/d2s_small_seg/images/test/D2S_014616.jpg,D2S_014616.jpg,2,0.5924414396286011,vine_tomatoes,55,666,67,1426,1214,0.05,871720,411271,0.47179255,0.47179255,0.52820745,1.0,0.0,460449,0.52820745,,,
data/yolo_cache/d2s_small_seg/images/test/D2S_015027.jpg,D2S_015027.jpg,1,0.9636950492858887,roma_vine_tomatoes,56,652,302,1324,1232,0.05,624960,207844,0.33257168,0.33257168,0.66742832,1.0,0.0,417116,0.66742832,,,
data/yolo_cache/d2s_small_seg/images/test/D2S_015929.jpg,D2S_015929.jpg,1,0.9963952898979187,grapes_sweet_celebration_seedless,34,673,202,1410,799,0.05,439989,242965,0.55220699,0.55220699,0.44779301,1.0,0.0,197024,0.44779301,,,
data/yolo_cache/d2s_small_seg/images/test/D2S_015929.jpg,D2S_015929.jpg,2,0.9948796033859253,grapes_sweet_celebration_seedless,34,545,0,1213,434,0.05,289912,160177,0.55250214,0.55250214,0.44749786,1.0,0.0,129735,0.44749786,,,
data/yolo_cache/d2s_small_seg/images/test/D2S_015929.jpg,D2S_015929.jpg,3,0.9753984212875366,grapes_sweet_celebration_seedless,34,536,0,1426,808,0.05,719120,380533,0.52916481,0.52916481,0.47083519,1.0,0.0,338587,0.47083519,,,
data/yolo_cache/d2s_small_seg/images/test/D2S_016206.jpg,D2S_016206.jpg,1,0.9991840720176697,avocado,28,979,777,1185,1093,0.05,65096,42391,0.65120745,0.65120745,0.34879255,1.0,0.0,22705,0.34879255,,,
data/yolo_cache/d2s_small_seg/images/test/D2S_016206.jpg,D2S_016206.jpg,2,0.9952329993247986,avocado,28,1072,438,1341,744,0.05,82314,48484,0.5890128,0.5890128,0.4109872,1.0,0.0,33830,0.4109872,,,
data/yolo_cache/d2s_small_seg/images/test/D2S_016206.jpg,D2S_016206.jpg,3,0.9713916778564453,avocado,28,679,840,1010,1046,0.05,68186,44111,0.64692166,0.64692166,0.35307834,1.0,0.0,24075,0.35307834,,,
data/yolo_cache/d2s_small_seg/images/test/D2S_016206.jpg,D2S_016206.jpg,4,0.27131712436676025,kiwi,35,675,840,1004,1050,0.05,69090,44545,0.64473875,0.64473875,0.35526125,1.0,0.0,24545,0.35526125,,,
data/yolo_cache/d2s_small_seg/images/test/D2S_016916.jpg,D2S_016916.jpg,1,0.9290469884872437,corny_schoko_banane,13,738,620,1413,1286,0.05,449550,193306,0.42999889,0.42999889,0.57000111,1.0,0.0,256244,0.57000111,,,
data/yolo_cache/d2s_small_seg/images/test/D2S_017506.jpg,D2S_017506.jpg,1,0.42044711112976074,dr_oetker_vitalis_knuspermuesli_klassisch,15,660,424,1502,1061,0.05,536354,297043,0.55381893,0.55381893,0.44618107,1.0,0.0,239311,0.44618107,,,
data/yolo_cache/d2s_small_seg/images/test/D2S_017516.jpg,D2S_017516.jpg,1,0.4552449882030487,koelln_muesli_fruechte,16,663,427,1502,1063,0.05,533604,290068,0.54360162,0.54360162,0.45639838,1.0,0.0,243536,0.45639838,,,
data/yolo_cache/d2s_small_seg/images/test/D2S_017516.jpg,D2S_017516.jpg,2,0.29166093468666077,dr_oetker_vitalis_knuspermuesli_klassisch,15,664,433,1503,1062,0.05,527731,290758,0.55095873,0.55095873,0.44904127,1.0,0.0,236973,0.44904127,,,
data/yolo_cache/d2s_small_seg/images/test/D2S_018513.jpg,D2S_018513.jpg,1,0.9991723299026489,oranges,37,486,257,1451,1407,0.05,1109750,623407,0.56175445,0.56175445,0.43824555,1.0,0.0,486343,0.43824555,,,
data/yolo_cache/d2s_small_seg/images/test/D2S_018513.jpg,D2S_018513.jpg,2,0.6909090876579285,oranges,37,495,288,1160,1397,0.05,737485,445591,0.60420348,0.60420348,0.39579652,1.0,0.0,291894,0.39579652,,,
data/yolo_cache/d2s_small_seg/images/test/D2S_018513.jpg,D2S_018513.jpg,3,0.3825220763683319,oranges,37,844,245,1426,1336,0.05,634962,357476,0.56298802,0.56298802,0.43701198,1.0,0.0,277486,0.43701198,,,
data/yolo_cache/d2s_small_seg/images/test/D2S_020129.jpg,D2S_020129.jpg,1,0.39771226048469543,pasta_reggia_fusilli,40,620,179,1291,1115,0.05,628056,363007,0.57798508,0.57798508,0.42201492,1.0,0.0,265049,0.42201492,,,
data/yolo_cache/d2s_small_seg/images/test/D2S_020509.jpg,D2S_020509.jpg,1,0.9984399676322937,rocket,57,675,161,1589,771,0.05,557540,330448,0.59268931,0.59268931,0.40731069,1.0,0.0,227092,0.40731069,,,
data/yolo_cache/d2s_small_seg/images/test/D2S_020925.jpg,D2S_020925.jpg,1,0.9554470181465149,pasta_reggia_spaghetti,41,611,466,1045,1421,0.05,414470,190510,0.45964726,0.45964726,0.54035274,1.0,0.0,223960,0.54035274,,,
data/yolo_cache/d2s_small_seg/images/test/D2S_020925.jpg,D2S_020925.jpg,2,0.8259214162826538,roma_vine_tomatoes,56,611,468,1042,1422,0.05,411174,190960,0.46442625,0.46442625,0.53557375,1.0,0.0,220214,0.53557375,,,
data/yolo_cache/d2s_small_seg/images/test/D2S_021227.jpg,D2S_021227.jpg,1,0.999319314956665,salad_iceberg,58,812,341,1444,1043,0.05,443664,269107,0.60655586,0.60655586,0.39344414,1.0,0.0,174557,0.39344414,,,
data/yolo_cache/d2s_small_seg/images/test/D2S_022807.jpg,D2S_022807.jpg,1,0.9998477697372437,clementine,31,701,375,1314,1029,0.05,400902,226075,0.56391587,0.56391587,0.43608413,1.0,0.0,174827,0.43608413,,,
data/yolo_cache/d2s_small_seg/images/test/D2S_024208.jpg,D2S_024208.jpg,1,0.9985892176628113,cafe_wunderbar_espresso,20,476,592,1586,1440,0.05,941280,429724,0.45653153,0.45653153,0.54346847,1.0,0.0,511556,0.54346847,,,
data/yolo_cache/d2s_small_seg/images/test/D2S_024208.jpg,D2S_024208.jpg,2,0.9700522422790527,gepa_italienischer_bio_espresso,23,1024,17,1765,782,0.05,566865,209284,0.36919549,0.36919549,0.63080451,1.0,0.0,357581,0.63080451,,,
data/yolo_cache/d2s_small_seg/images/test/D2S_024208.jpg,D2S_024208.jpg,3,0.8567286729812622,cafe_wunderbar_espresso,20,147,24,1017,1098,0.05,934380,428371,0.4584548,0.4584548,0.5415452,1.0,0.0,506009,0.5415452,,,
data/yolo_cache/d2s_small_seg/images/test/D2S_024208.jpg,D2S_024208.jpg,4,0.7772915959358215,gepa_bio_caffe_crema,22,147,31,1020,1093,0.05,927126,428152,0.46180562,0.46180562,0.53819438,1.0,0.0,498974,0.53819438,,,
data/yolo_cache/d2s_small_seg/images/test/D2S_026011.jpg,D2S_026011.jpg,1,0.9944420456886292,rocket,57,780,311,1710,1219,0.05,844440,284308,0.3366823,0.3366823,0.6633177,1.0,0.0,560132,0.6633177,,,
data/yolo_cache/d2s_small_seg/images/test/D2S_026011.jpg,D2S_026011.jpg,2,0.9685838222503662,clementine,31,488,200,1080,824,0.05,369408,184693,0.49997022,0.49997022,0.50002978,1.0,0.0,184715,0.50002978,,,
data/yolo_cache/d2s_small_seg/images/test/D2S_026011.jpg,D2S_026011.jpg,3,0.905643880367279,salad_iceberg,58,125,600,804,1244,0.05,437276,267616,0.61200706,0.61200706,0.38799294,1.0,0.0,169660,0.38799294,,,
data/yolo_cache/d2s_small_seg/images/test/D2S_026011.jpg,D2S_026011.jpg,4,0.9020484089851379,apple_red_boskoop,27,923,925,1200,1224,0.05,82823,56095,0.67728771,0.67728771,0.32271229,1.0,0.0,26728,0.32271229,,,
data/yolo_cache/d2s_small_seg/images/test/D2S_026011.jpg,D2S_026011.jpg,5,0.8105710744857788,apple_red_boskoop,27,775,730,1059,997,0.05,75828,52279,0.68944189,0.68944189,0.31055811,1.0,0.0,23549,0.31055811,,,
data/yolo_cache/d2s_small_seg/images/test/D2S_026011.jpg,D2S_026011.jpg,6,0.372408002614975,apple_golden_delicious,25,923,928,1201,1223,0.05,82010,57808,0.70488965,0.70488965,0.29511035,1.0,0.0,24202,0.29511035,,,
data/yolo_cache/d2s_small_seg/images/test/D2S_026011.jpg,D2S_026011.jpg,7,0.28448280692100525,pear,38,647,924,938,1207,0.05,82353,54128,0.6572681,0.6572681,0.3427319,1.0,0.0,28225,0.3427319,,,
data/yolo_cache/d2s_small_seg/images/test/D2S_026011.jpg,D2S_026011.jpg,8,0.25075456500053406,kiwi,35,794,1154,1108,1365,0.05,66254,48079,0.72567694,0.72567694,0.27432306,1.0,0.0,18175,0.27432306,,,
data/yolo_cache/d2s_small_seg/images/test/D2S_039714.jpg,D2S_039714.jpg,1,0.3358422815799713,avocado,28,470,537,799,750,0.05,70077,45817,0.65380938,0.65380938,0.34619062,1.0,0.0,24260,0.34619062,,,
data/yolo_cache/d2s_small_seg/images/test/D2S_039714.jpg,D2S_039714.jpg,2,0.306726336479187,tegernseer_hell_03,10,466,535,790,748,0.05,69012,46708,0.67680983,0.67680983,0.32319017,1.0,0.0,22304,0.32319017,,,
data/yolo_cache/d2s_small_seg/images/test/D2S_039714.jpg,D2S_039714.jpg,3,0.2658021152019501,corny_schoko_banane,13,715,166,1302,1187,0.05,599327,439738,0.73371966,0.73371966,0.26628034,1.0,0.0,159589,0.26628034,,,
data/yolo_cache/d2s_small_seg/images/test/D2S_039714.jpg,D2S_039714.jpg,4,0.2500776946544647,gepa_bio_caffe_crema,22,717,164,1302,1184,0.05,596700,440086,0.7375331,0.7375331,0.2624669,1.0,0.0,156614,0.2624669,,,
data/yolo_cache/d2s_small_seg/images/test/D2S_043211.jpg,D2S_043211.jpg,1,0.97625333070755,grapes_sweet_celebration_seedless,34,549,614,887,1043,0.05,145002,84976,0.5860333,0.5860333,0.4139667,1.0,0.0,60026,0.4139667,,,
data/yolo_cache/d2s_small_seg/images/test/D2S_043211.jpg,D2S_043211.jpg,2,0.6706676483154297,corny_nussvoll,11,720,574,1367,1266,0.05,447724,261628,0.58435107,0.58435107,0.41564893,1.0,0.0,186096,0.41564893,,,
data/yolo_cache/d2s_small_seg/images/test/D2S_043211.jpg,D2S_043211.jpg,3,0.3881484270095825,pasta_reggia_fusilli,40,661,35,1298,418,0.05,243971,156616,0.64194515,0.64194515,0.35805485,1.0,0.0,87355,0.35805485,,,
data/yolo_cache/d2s_small_seg/images/test/D2S_043211.jpg,D2S_043211.jpg,4,0.37341615557670593,caona_cocoa,18,662,35,1299,418,0.05,243971,156280,0.64056794,0.64056794,0.35943206,1.0,0.0,87691,0.35943206,,,
data/yolo_cache/d2s_small_seg/images/test/D2S_043211.jpg,D2S_043211.jpg,5,0.2863449156284332,gepa_bio_caffe_crema,22,664,33,1299,414,0.05,241935,156829,0.64822783,0.64822783,0.35177217,1.0,0.0,85106,0.35177217,,,
data/yolo_cache/d2s_small_seg/images/test/D2S_043714.jpg,D2S_043714.jpg,1,0.7568563222885132,gepa_bio_und_fair_fencheltee,45,579,66,996,574,0.05,211836,95014,0.44852622,0.44852622,0.55147378,1.0,0.0,116822,0.55147378,,,
data/yolo_cache/d2s_small_seg/images/test/D2S_043714.jpg,D2S_043714.jpg,2,0.5988181829452515,gepa_bio_und_fair_pfefferminztee,48,968,239,1398,743,0.05,216720,93544,0.43163529,0.43163529,0.56836471,1.0,0.0,123176,0.56836471,,,
data/yolo_cache/d2s_small_seg/images/test/D2S_043714.jpg,D2S_043714.jpg,3,0.5883588790893555,gepa_bio_und_fair_pfefferminztee,48,366,737,796,1236,0.05,214570,99562,0.46400708,0.46400708,0.53599292,1.0,0.0,115008,0.53599292,,,
data/yolo_cache/d2s_small_seg/images/test/D2S_043714.jpg,D2S_043714.jpg,4,0.5556782484054565,gepa_bio_und_fair_fencheltee,45,968,239,1399,742,0.05,216793,93571,0.43161449,0.43161449,0.56838551,1.0,0.0,123222,0.56838551,,,
data/yolo_cache/d2s_small_seg/images/test/D2S_043714.jpg,D2S_043714.jpg,5,0.5355049967765808,gepa_bio_und_fair_fencheltee,45,862,878,1319,1389,0.05,233527,101965,0.43663045,0.43663045,0.56336955,1.0,0.0,131562,0.56336955,,,
data/yolo_cache/d2s_small_seg/images/test/D2S_043714.jpg,D2S_043714.jpg,6,0.45414188504219055,gepa_bio_und_fair_kamillentee,46,966,239,1398,750,0.05,220752,93592,0.42396898,0.42396898,0.57603102,1.0,0.0,127160,0.57603102,,,
data/yolo_cache/d2s_small_seg/images/test/D2S_043714.jpg,D2S_043714.jpg,7,0.4256082773208618,gepa_bio_und_fair_fencheltee,45,367,738,796,1239,0.05,214929,99505,0.46296684,0.46296684,0.53703316,1.0,0.0,115424,0.53703316,,,
data/yolo_cache/d2s_small_seg/images/test/D2S_043714.jpg,D2S_043714.jpg,8,0.4051234722137451,gepa_bio_und_fair_kamillentee,46,856,879,1318,1387,0.05,234696,101881,0.43409773,0.43409773,0.56590227,1.0,0.0,132815,0.56590227,,,
data/yolo_cache/d2s_small_seg/images/test/D2S_043714.jpg,D2S_043714.jpg,9,0.39567726850509644,gepa_bio_und_fair_kamillentee,46,580,68,994,577,0.05,210726,95857,0.45488929,0.45488929,0.54511071,1.0,0.0,114869,0.54511071,,,
data/yolo_cache/d2s_small_seg/images/test/D2S_043714.jpg,D2S_043714.jpg,10,0.32045483589172363,gepa_bio_und_fair_rooibostee,49,965,242,1398,742,0.05,216500,93367,0.43125635,0.43125635,0.56874365,1.0,0.0,123133,0.56874365,,,
data/yolo_cache/d2s_small_seg/images/test/D2S_050101.jpg,D2S_050101.jpg,1,0.9976853132247925,franken_tafelreiniger,42,526,88,986,638,0.05,253000,76276,0.30148617,0.30148617,0.69851383,1.0,0.0,176724,0.69851383,,,
data/yolo_cache/d2s_small_seg/images/test/D2S_050101.jpg,D2S_050101.jpg,2,0.9898825287818909,banana_single,30,570,776,1201,1047,0.05,171001,57922,0.33872317,0.33872317,0.66127683,1.0,0.0,113079,0.66127683,,,
data/yolo_cache/d2s_small_seg/images/test/D2S_050101.jpg,D2S_050101.jpg,3,0.9660366177558899,zucchini,59,618,456,1226,850,0.05,239552,74701,0.31183626,0.31183626,0.68816374,1.0,0.0,164851,0.68816374,,,
data/yolo_cache/d2s_small_seg/images/test/D2S_056604.jpg,D2S_056604.jpg,1,0.9914006590843201,roma_vine_tomatoes,56,205,0,1289,753,0.05,816252,235357,0.28833865,0.28833865,0.71166135,1.0,0.0,580895,0.71166135,,,
data/yolo_cache/d2s_small_seg/images/test/D2S_056604.jpg,D2S_056604.jpg,2,0.966095507144928,corny_schoko_banane,13,777,808,1327,1352,0.05,299200,214714,0.71762701,0.71762701,0.28237299,1.0,0.0,84486,0.28237299,,,
data/yolo_cache/d2s_small_seg/images/test/D2S_056604.jpg,D2S_056604.jpg,3,0.49024271965026855,ethiquable_gruener_tee_ceylon,44,767,808,1324,1342,0.05,297438,215620,0.72492419,0.72492419,0.27507581,1.0,0.0,81818,0.27507581,,,
data/yolo_cache/d2s_small_seg/images/test/D2S_056604.jpg,D2S_056604.jpg,4,0.25298643112182617,gepa_bio_und_fair_rooibostee,49,767,810,1328,1341,0.05,297891,215467,0.72330819,0.72330819,0.27669181,1.0,0.0,82424,0.27669181,,,
data/yolo_cache/d2s_small_seg/images/test/D2S_057304.jpg,D2S_057304.jpg,1,0.999734103679657,vine_tomatoes,55,833,273,1481,1436,0.05,753624,422191,0.56021438,0.56021438,0.43978562,1.0,0.0,331433,0.43978562,,,
data/yolo_cache/d2s_small_seg/images/test/D2S_057304.jpg,D2S_057304.jpg,2,0.8585276007652283,cucumber,51,348,232,817,779,0.05,256543,73597,0.28687978,0.28687978,0.71312022,1.0,0.0,182946,0.71312022,,,
data/yolo_cache/d2s_small_seg/images/test/D2S_057304.jpg,D2S_057304.jpg,3,0.7652959823608398,zucchini,59,345,237,815,788,0.05,258970,73303,0.28305595,0.28305595,0.71694405,1.0,0.0,185667,0.71694405,,,
data/yolo_cache/d2s_small_seg/images/test/D2S_057309.jpg,D2S_057309.jpg,1,0.998529314994812,vine_tomatoes,55,408,0,1064,1142,0.05,749152,430591,0.57477121,0.57477121,0.42522879,1.0,0.0,318561,0.42522879,,,
data/yolo_cache/d2s_small_seg/images/test/D2S_057309.jpg,D2S_057309.jpg,2,0.9843953847885132,zucchini,59,1080,625,1550,1176,0.05,258970,70864,0.27363787,0.27363787,0.72636213,1.0,0.0,188106,0.72636213,,,
data/yolo_cache/d2s_small_seg/images/test/D2S_058718.jpg,D2S_058718.jpg,1,0.8195476531982422,corny_nussvoll_single,12,1222,172,1491,446,0.05,73706,25117,0.3407728,0.3407728,0.6592272,1.0,0.0,48589,0.6592272,,,
data/yolo_cache/d2s_small_seg/images/test/D2S_061919.jpg,D2S_061919.jpg,1,0.9990977048873901,salad_iceberg,58,751,303,1381,840,0.05,338310,208447,0.616142,0.616142,0.383858,1.0,0.0,129863,0.383858,,,
data/yolo_cache/d2s_small_seg/images/test/D2S_061919.jpg,D2S_061919.jpg,2,0.48551058769226074,adelholzener_classic_naturell_02,3,285,367,647,594,0.05,82174,50983,0.62042739,0.62042739,0.37957261,1.0,0.0,31191,0.37957261,,,
data/yolo_cache/d2s_small_seg/images/test/D2S_061919.jpg,D2S_061919.jpg,3,0.2698638141155243,augustiner_lagerbraeu_hell_05,5,284,368,647,593,0.05,81675,50827,0.62230793,0.62230793,0.37769207,1.0,0.0,30848,0.37769207,,,
data/yolo_cache/d2s_small_seg/images/test/D2S_064121.jpg,D2S_064121.jpg,1,0.8327502608299255,augustiner_weissbier_05,6,1152,163,1658,576,0.05,208978,93577,0.44778398,0.44778398,0.55221602,1.0,0.0,115401,0.55221602,,,
data/yolo_cache/d2s_small_seg/images/test/D2S_064121.jpg,D2S_064121.jpg,2,0.4755268394947052,augustiner_weissbier_05,6,216,670,729,1046,0.05,192888,90397,0.4686502,0.4686502,0.5313498,1.0,0.0,102491,0.5313498,,,
data/yolo_cache/d2s_small_seg/images/test/D2S_064121.jpg,D2S_064121.jpg,3,0.35752567648887634,augustiner_lagerbraeu_hell_05,5,202,669,729,1047,0.05,199206,90958,0.45660271,0.45660271,0.54339729,1.0,0.0,108248,0.54339729,,,
data/yolo_cache/d2s_small_seg/images/test/D2S_064121.jpg,D2S_064121.jpg,4,0.32303526997566223,augustiner_lagerbraeu_hell_05,5,1155,165,1644,575,0.05,200490,93670,0.46720535,0.46720535,0.53279465,1.0,0.0,106820,0.53279465,,,
data/yolo_cache/d2s_small_seg/images/test/D2S_065220.jpg,D2S_065220.jpg,1,0.9910485744476318,vine_tomatoes,55,65,144,614,1266,0.05,615978,396628,0.64389962,0.64389962,0.35610038,1.0,0.0,219350,0.35610038,,,
data/yolo_cache/d2s_small_seg/images/test/D2S_065220.jpg,D2S_065220.jpg,2,0.9727622270584106,zucchini,59,1147,769,1795,1200,0.05,279288,80371,0.28777105,0.28777105,0.71222895,1.0,0.0,198917,0.71222895,,,
data/yolo_cache/d2s_small_seg/images/test/D2S_065220.jpg,D2S_065220.jpg,3,0.8407011032104492,apple_red_boskoop,27,1375,1120,1634,1350,0.05,59570,40663,0.6826087,0.6826087,0.3173913,1.0,0.0,18907,0.3173913,,,
data/yolo_cache/d2s_small_seg/images/test/D2S_065220.jpg,D2S_065220.jpg,4,0.7611470818519592,pasta_reggia_spaghetti,41,489,0,1069,870,0.05,504600,187087,0.37076298,0.37076298,0.62923702,1.0,0.0,317513,0.62923702,,,
data/yolo_cache/d2s_small_seg/images/test/D2S_065220.jpg,D2S_065220.jpg,5,0.6659349799156189,cocoba_cocoa,19,878,0,1531,436,0.05,284708,150346,0.52807087,0.52807087,0.47192913,1.0,0.0,134362,0.47192913,,,
data/yolo_cache/d2s_small_seg/images/test/D2S_065220.jpg,D2S_065220.jpg,6,0.6569379568099976,kiwi,35,930,820,1226,1040,0.05,65120,44387,0.68161855,0.68161855,0.31838145,1.0,0.0,20733,0.31838145,,,
data/yolo_cache/d2s_small_seg/images/test/D2S_065220.jpg,D2S_065220.jpg,7,0.5666490793228149,kiwi,35,1376,1113,1633,1352,0.05,61423,42007,0.68389691,0.68389691,0.31610309,1.0,0.0,19416,0.31610309,,,
data/yolo_cache/d2s_small_seg/images/test/D2S_065220.jpg,D2S_065220.jpg,8,0.5637909770011902,gepa_bio_und_fair_pfefferminztee,48,1269,365,1802,775,0.05,218530,100489,0.45984075,0.45984075,0.54015925,1.0,0.0,118041,0.54015925,,,
data/yolo_cache/d2s_small_seg/images/test/D2S_065220.jpg,D2S_065220.jpg,9,0.4753960072994232,corny_schoko_banane,13,448,872,1116,1440,0.05,379424,190531,0.50215854,0.50215854,0.49784146,1.0,0.0,188893,0.49784146,,,
data/yolo_cache/d2s_small_seg/images/test/D2S_065220.jpg,D2S_065220.jpg,10,0.32619723677635193,gepa_bio_und_fair_kamillentee,46,1273,361,1805,777,0.05,221312,100285,0.45313856,0.45313856,0.54686144,1.0,0.0,121027,0.54686144,,,
data/yolo_cache/d2s_small_seg/images/test/D2S_066810.jpg,D2S_066810.jpg,1,0.999664306640625,clementine,31,1053,0,1657,518,0.05,312872,212455,0.67904766,0.67904766,0.32095234,1.0,0.0,100417,0.32095234,,,
data/yolo_cache/d2s_small_seg/images/test/D2S_066810.jpg,D2S_066810.jpg,2,0.9994877576828003,rocket,57,0,327,589,1188,0.05,507129,276814,0.54584534,0.54584534,0.45415466,1.0,0.0,230315,0.45415466,,,
data/yolo_cache/d2s_small_seg/images/test/D2S_066810.jpg,D2S_066810.jpg,3,0.9664693474769592,corny_schoko_banane_single,14,352,1055,725,1440,0.05,143605,44155,0.30747537,0.30747537,0.69252463,1.0,0.0,99450,0.69252463,,,
data/yolo_cache/d2s_small_seg/images/test/D2S_066810.jpg,D2S_066810.jpg,4,0.9260117411613464,corny_nussvoll,11,938,457,1585,1117,0.05,427020,201403,0.4716477,0.4716477,0.5283523,1.0,0.0,225617,0.5283523,,,
data/yolo_cache/d2s_small_seg/images/test/D2S_066810.jpg,D2S_066810.jpg,5,0.8661702871322632,clementine_single,32,769,1181,908,1325,0.05,20016,14749,0.73686051,0.73686051,0.26313949,1.0,0.0,5267,0.26313949,,,
data/yolo_cache/d2s_small_seg/images/test/D2S_066810.jpg,D2S_066810.jpg,6,0.6247996091842651,apple_braeburn_bundle,24,306,0,887,348,0.05,202188,122035,0.60357192,0.60357192,0.39642808,1.0,0.0,80153,0.39642808,,,
data/yolo_cache/d2s_small_seg/images/test/D2S_066810.jpg,D2S_066810.jpg,7,0.41477036476135254,pasta_reggia_fusilli,40,568,86,1083,1248,0.05,598430,317404,0.53039453,0.53039453,0.46960547,1.0,0.0,281026,0.46960547,,,
data/yolo_cache/d2s_small_seg/images/test/D2S_066810.jpg,D2S_066810.jpg,8,0.3882521092891693,grapes_sweet_celebration_seedless,34,956,1214,1590,1440,0.05,143284,106273,0.74169482,0.74169482,0.25830518,1.0,0.0,37011,0.25830518,,,
data/yolo_cache/d2s_small_seg/images/test/D2S_066814.jpg,D2S_066814.jpg,1,0.9997623562812805,rocket,57,1207,796,1920,1440,0.05,459172,326029,0.71003676,0.71003676,0.28996324,1.0,0.0,133143,0.28996324,,,
data/yolo_cache/d2s_small_seg/images/test/D2S_066814.jpg,D2S_066814.jpg,2,0.9944794178009033,clementine,31,26,533,585,1220,0.05,384033,230980,0.60145873,0.60145873,0.39854127,1.0,0.0,153053,0.39854127,,,
data/yolo_cache/d2s_small_seg/images/test/D2S_066814.jpg,D2S_066814.jpg,3,0.9938294291496277,corny_schoko_banane_single,14,1538,251,1694,717,0.05,72696,48502,0.66718939,0.66718939,0.33281061,1.0,0.0,24194,0.33281061,,,
data/yolo_cache/d2s_small_seg/images/test/D2S_066814.jpg,D2S_066814.jpg,4,0.9696160554885864,corny_nussvoll,11,429,140,1059,767,0.05,395010,191437,0.48463836,0.48463836,0.51536164,1.0,0.0,203573,0.51536164,,,
data/yolo_cache/d2s_small_seg/images/test/D2S_066814.jpg,D2S_066814.jpg,5,0.8447161912918091,rocket,57,916,0,1425,236,0.05,120124,62668,0.52169425,0.52169425,0.47830575,1.0,0.0,57456,0.47830575,,,
data/yolo_cache/d2s_small_seg/images/test/D2S_066814.jpg,D2S_066814.jpg,6,0.8240581750869751,grapes_green_sugraone_seedless,33,916,0,1424,236,0.05,119888,62563,0.52184539,0.52184539,0.47815461,1.0,0.0,57325,0.47815461,,,
data/yolo_cache/d2s_small_seg/images/test/D2S_066814.jpg,D2S_066814.jpg,7,0.5500380992889404,grapes_sweet_celebration_seedless,34,567,1170,1131,1440,0.05,152280,108430,0.7120436,0.7120436,0.2879564,1.0,0.0,43850,0.2879564,,,
data/yolo_cache/d2s_small_seg/images/test/D2S_066814.jpg,D2S_066814.jpg,8,0.45027297735214233,kiwi,35,1291,253,1435,398,0.05,20880,14765,0.70713602,0.70713602,0.29286398,1.0,0.0,6115,0.29286398,,,
data/yolo_cache/d2s_small_seg/images/test/D2S_066814.jpg,D2S_066814.jpg,9,0.27073800563812256,gepa_bio_und_fair_fencheltee,45,350,0,921,292,0.05,166732,88900,0.53319099,0.53319099,0.46680901,1.0,0.0,77832,0.46680901,,,
data/yolo_cache/d2s_small_seg/images/test/D2S_068111.jpg,D2S_068111.jpg,1,0.9985107779502869,clementine,31,282,294,925,918,0.05,401232,229861,0.572888,0.572888,0.427112,1.0,0.0,171371,0.427112,,,
data/yolo_cache/d2s_small_seg/images/test/D2S_068111.jpg,D2S_068111.jpg,2,0.9117026329040527,grapes_sweet_celebration_seedless,34,0,878,752,1408,0.05,398560,229618,0.57611903,0.57611903,0.42388097,1.0,0.0,168942,0.42388097,,,
data/yolo_cache/d2s_small_seg/images/test/D2S_068111.jpg,D2S_068111.jpg,3,0.860164999961853,apple_braeburn_bundle,24,1267,808,1758,1345,0.05,263667,176995,0.67128234,0.67128234,0.32871766,1.0,0.0,86672,0.32871766,,,
data/yolo_cache/d2s_small_seg/images/test/D2S_068111.jpg,D2S_068111.jpg,4,0.7947275638580322,rocket,57,0,456,432,1005,0.05,237168,112825,0.47571763,0.47571763,0.52428237,1.0,0.0,124343,0.52428237,,,
data/yolo_cache/d2s_small_seg/images/test/D2S_068111.jpg,D2S_068111.jpg,5,0.5254755616188049,dr_oetker_vitalis_knuspermuesli_klassisch,15,621,1094,1240,1440,0.05,214174,113563,0.5302371,0.5302371,0.4697629,1.0,0.0,100611,0.4697629,,,
data/yolo_cache/d2s_small_seg/images/test/D2S_068111.jpg,D2S_068111.jpg,6,0.5023567080497742,ethiquable_gruener_tee_ceylon,44,619,1092,1237,1440,0.05,215064,115246,0.53586839,0.53586839,0.46413161,1.0,0.0,99818,0.46413161,,,
data/yolo_cache/d2s_small_seg/images/test/D2S_068111.jpg,D2S_068111.jpg,7,0.4534663259983063,adelholzener_gourmet_mineralwasser_02,4,1586,300,1911,1049,0.05,243425,95038,0.39042005,0.39042005,0.60957995,1.0,0.0,148387,0.60957995,,,
data/yolo_cache/d2s_small_seg/images/test/D2S_068111.jpg,D2S_068111.jpg,8,0.32611027359962463,gepa_bio_und_fair_kamillentee,46,1080,227,1805,753,0.05,381350,208921,0.54784581,0.54784581,0.45215419,1.0,0.0,172429,0.45215419,,,
data/yolo_cache/d2s_small_seg/images/test/D2S_068111.jpg,D2S_068111.jpg,9,0.26849696040153503,koelln_muesli_fruechte,16,620,1092,1240,1440,0.05,215760,114751,0.53184557,0.53184557,0.46815443,1.0,0.0,101009,0.46815443,,,
data/yolo_cache/d2s_small_seg/images/test/D2S_068111.jpg,D2S_068111.jpg,10,0.261841744184494,zucchini,59,768,694,1362,984,0.05,172260,34102,0.19796819,0.19796819,0.80203181,1.0,0.0,138158,0.80203181,,,
data/yolo_cache/d2s_small_seg/images/test/D2S_068111.jpg,D2S_068111.jpg,11,0.254810094833374,gepa_bio_und_fair_pfefferminztee,48,709,188,1125,623,0.05,180960,95113,0.52560234,0.52560234,0.47439766,1.0,0.0,85847,0.47439766,,,
